Data Source,World Development Indicators,,,,,,,,,,,,,,,,,,,,,,,,,,,,,,,,,,,,,,,,,,,,,,,,,,,,,,,,,,,,,,
,,,,,,,,,,,,,,,,,,,,,,,,,,,,,,,,,,,,,,,,,,,,,,,,,,,,,,,,,,,,,,,
Last Updated Date,10/28/2019,,,,,,,,,,,,,,,,,,,,,,,,,,,,,,,,,,,,,,,,,,,,,,,,,,,,,,,,,,,,,,
,,,,,,,,,,,,,,,,,,,,,,,,,,,,,,,,,,,,,,,,,,,,,,,,,,,,,,,,,,,,,,,
Country Name,Country Code,Indicator Name,Indicator Code,1960,1961,1962,1963,1964,1965,1966,1967,1968,1969,1970,1971,1972,1973,1974,1975,1976,1977,1978,1979,1980,1981,1982,1983,1984,1985,1986,1987,1988,1989,1990,1991,1992,1993,1994,1995,1996,1997,1998,1999,2000,2001,2002,2003,2004,2005,2006,2007,2008,2009,2010,2011,2012,2013,2014,2015,2016,2017,2018,2019
Aruba,ABW,"PM2.5 air pollution, population exposed to levels exceeding WHO guideline value (% of total)",EN.ATM.PM25.MC.ZS,,,,,,,,,,,,,,,,,,,,,,,,,,,,,,,,,,,,,,,,,,,,,,,,,,,,,,,,,,,,
Afghanistan,AFG,"PM2.5 air pollution, population exposed to levels exceeding WHO guideline value (% of total)",EN.ATM.PM25.MC.ZS,,,,,,,,,,,,,,,,,,,,,,,,,,,,,,,100,,,,,100,,,,,100,,,,,100,,,,,100,100,100,100,100,100,100,100,,
Angola,AGO,"PM2.5 air pollution, population exposed to levels exceeding WHO guideline value (% of total)",EN.ATM.PM25.MC.ZS,,,,,,,,,,,,,,,,,,,,,,,,,,,,,,,100,,,,,100,,,,,100,,,,,100,,,,,100,100,100,100,100,100,100,100,,
Albania,ALB,"PM2.5 air pollution, population exposed to levels exceeding WHO guideline value (% of total)",EN.ATM.PM25.MC.ZS,,,,,,,,,,,,,,,,,,,,,,,,,,,,,,,100,,,,,100,,,,,100,,,,,100,,,,,100,100,100,100,100,100,100,100,,
Andorra,AND,"PM2.5 air pollution, population exposed to levels exceeding WHO guideline value (% of total)",EN.ATM.PM25.MC.ZS,,,,,,,,,,,,,,,,,,,,,,,,,,,,,,,100,,,,,99.98421098,,,,,99.95743197,,,,,100,,,,,99.95663582,100,99.95599732,97.68595932,16.59898025,90.84806274,17.41955772,17.82445949,,
Arab World,ARB,"PM2.5 air pollution, population exposed to levels exceeding WHO guideline value (% of total)",EN.ATM.PM25.MC.ZS,,,,,,,,,,,,,,,,,,,,,,,,,,,,,,,100,,,,,100,,,,,100,,,,,100,,,,,100,100,100,100,100,100,100,100,,
United Arab Emirates,ARE,"PM2.5 air pollution, population exposed to levels exceeding WHO guideline value (% of total)",EN.ATM.PM25.MC.ZS,,,,,,,,,,,,,,,,,,,,,,,,,,,,,,,100,,,,,100,,,,,100,,,,,100,,,,,100,100,100,100,100,100,100,100,,
Argentina,ARG,"PM2.5 air pollution, population exposed to levels exceeding WHO guideline value (% of total)",EN.ATM.PM25.MC.ZS,,,,,,,,,,,,,,,,,,,,,,,,,,,,,,,99.60669969,,,,,99.58096493,,,,,99.54997114,,,,,99.41150392,,,,,99.44764132,99.53041309,99.21768856,99.026464,98.31406401,98.02192869,94.13945992,93.85282467,,
Armenia,ARM,"PM2.5 air pollution, population exposed to levels exceeding WHO guideline value (% of total)",EN.ATM.PM25.MC.ZS,,,,,,,,,,,,,,,,,,,,,,,,,,,,,,,100,,,,,100,,,,,100,,,,,100,,,,,100,100,100,100,100,100,100,100,,
American Samoa,ASM,"PM2.5 air pollution, population exposed to levels exceeding WHO guideline value (% of total)",EN.ATM.PM25.MC.ZS,,,,,,,,,,,,,,,,,,,,,,,,,,,,,,,100,,,,,100,,,,,100,,,,,100,,,,,100,100,100,100,100,100,100,100,,
Antigua and Barbuda,ATG,"PM2.5 air pollution, population exposed to levels exceeding WHO guideline value (% of total)",EN.ATM.PM25.MC.ZS,,,,,,,,,,,,,,,,,,,,,,,,,,,,,,,100,,,,,100,,,,,100,,,,,100,,,,,100,100,100,100,100,100,100,100,,
Australia,AUS,"PM2.5 air pollution, population exposed to levels exceeding WHO guideline value (% of total)",EN.ATM.PM25.MC.ZS,,,,,,,,,,,,,,,,,,,,,,,,,,,,,,,31.88340426,,,,,31.61015799,,,,,33.8320688,,,,,33.4924204,,,,,32.97097298,36.32342315,30.65454271,28.27405946,27.10551384,26.04666675,24.90420852,24.89358377,,
Austria,AUT,"PM2.5 air pollution, population exposed to levels exceeding WHO guideline value (% of total)",EN.ATM.PM25.MC.ZS,,,,,,,,,,,,,,,,,,,,,,,,,,,,,,,99.65557002,,,,,99.23245662,,,,,98.67842588,,,,,99.14829843,,,,,98.45154185,99.25717078,97.41014309,95.76835515,93.78567197,91.47446535,85.01593469,85.05153767,,
Azerbaijan,AZE,"PM2.5 air pollution, population exposed to levels exceeding WHO guideline value (% of total)",EN.ATM.PM25.MC.ZS,,,,,,,,,,,,,,,,,,,,,,,,,,,,,,,100,,,,,100,,,,,100,,,,,100,,,,,100,100,100,100,100,100,100,100,,
Burundi,BDI,"PM2.5 air pollution, population exposed to levels exceeding WHO guideline value (% of total)",EN.ATM.PM25.MC.ZS,,,,,,,,,,,,,,,,,,,,,,,,,,,,,,,100,,,,,100,,,,,100,,,,,100,,,,,100,100,100,100,100,100,100,100,,
Belgium,BEL,"PM2.5 air pollution, population exposed to levels exceeding WHO guideline value (% of total)",EN.ATM.PM25.MC.ZS,,,,,,,,,,,,,,,,,,,,,,,,,,,,,,,99.8690949,,,,,99.63689199,,,,,99.27541557,,,,,98.99788227,,,,,99.49558887,99.35474206,98.42810981,96.80229286,94.48915243,95.10434538,91.78911483,91.94854035,,
Benin,BEN,"PM2.5 air pollution, population exposed to levels exceeding WHO guideline value (% of total)",EN.ATM.PM25.MC.ZS,,,,,,,,,,,,,,,,,,,,,,,,,,,,,,,100,,,,,100,,,,,100,,,,,100,,,,,100,100,100,100,100,100,100,100,,
Burkina Faso,BFA,"PM2.5 air pollution, population exposed to levels exceeding WHO guideline value (% of total)",EN.ATM.PM25.MC.ZS,,,,,,,,,,,,,,,,,,,,,,,,,,,,,,,100,,,,,100,,,,,100,,,,,100,,,,,100,100,100,100,100,100,100,100,,
Bangladesh,BGD,"PM2.5 air pollution, population exposed to levels exceeding WHO guideline value (% of total)",EN.ATM.PM25.MC.ZS,,,,,,,,,,,,,,,,,,,,,,,,,,,,,,,100,,,,,100,,,,,100,,,,,100,,,,,100,100,100,100,100,100,100,100,,
Bulgaria,BGR,"PM2.5 air pollution, population exposed to levels exceeding WHO guideline value (% of total)",EN.ATM.PM25.MC.ZS,,,,,,,,,,,,,,,,,,,,,,,,,,,,,,,99.95466196,,,,,99.95382521,,,,,99.96193354,,,,,99.96311162,,,,,99.96438954,99.96465041,99.96493776,99.96527947,99.9657025,99.96623179,99.89349344,99.89467432,,
Bahrain,BHR,"PM2.5 air pollution, population exposed to levels exceeding WHO guideline value (% of total)",EN.ATM.PM25.MC.ZS,,,,,,,,,,,,,,,,,,,,,,,,,,,,,,,100,,,,,100,,,,,100,,,,,100,,,,,100,100,100,100,100,100,100,100,,
"Bahamas, The",BHS,"PM2.5 air pollution, population exposed to levels exceeding WHO guideline value (% of total)",EN.ATM.PM25.MC.ZS,,,,,,,,,,,,,,,,,,,,,,,,,,,,,,,100,,,,,100,,,,,100,,,,,100,,,,,100,100,100,100,100,100,99.99999999,99.99999999,,
Bosnia and Herzegovina,BIH,"PM2.5 air pollution, population exposed to levels exceeding WHO guideline value (% of total)",EN.ATM.PM25.MC.ZS,,,,,,,,,,,,,,,,,,,,,,,,,,,,,,,100,,,,,100,,,,,100,,,,,100,,,,,100,100,100,100,100,100,99.95544692,99.95523503,,
Belarus,BLR,"PM2.5 air pollution, population exposed to levels exceeding WHO guideline value (% of total)",EN.ATM.PM25.MC.ZS,,,,,,,,,,,,,,,,,,,,,,,,,,,,,,,100,,,,,100,,,,,100,,,,,100,,,,,100,100,100,100,100,100,100,99.93135197,,
Belize,BLZ,"PM2.5 air pollution, population exposed to levels exceeding WHO guideline value (% of total)",EN.ATM.PM25.MC.ZS,,,,,,,,,,,,,,,,,,,,,,,,,,,,,,,100,,,,,100,,,,,100,,,,,100,,,,,100,100,100,100,100,100,100,100,,
Bermuda,BMU,"PM2.5 air pollution, population exposed to levels exceeding WHO guideline value (% of total)",EN.ATM.PM25.MC.ZS,,,,,,,,,,,,,,,,,,,,,,,,,,,,,,,100,,,,,100,,,,,100,,,,,100,,,,,100,100,100,100,100,100,100,100,,
Bolivia,BOL,"PM2.5 air pollution, population exposed to levels exceeding WHO guideline value (% of total)",EN.ATM.PM25.MC.ZS,,,,,,,,,,,,,,,,,,,,,,,,,,,,,,,100,,,,,100,,,,,100,,,,,100,,,,,100,100,100,100,100,99.9997323,99.99748599,99.99913202,,
Brazil,BRA,"PM2.5 air pollution, population exposed to levels exceeding WHO guideline value (% of total)",EN.ATM.PM25.MC.ZS,,,,,,,,,,,,,,,,,,,,,,,,,,,,,,,88.9953306,,,,,89.49137668,,,,,90.79140477,,,,,89.78408308,,,,,90.93812329,91.92837459,86.82923025,85.33471375,77.11647309,74.92775153,67.95255918,68.13503006,,
Barbados,BRB,"PM2.5 air pollution, population exposed to levels exceeding WHO guideline value (% of total)",EN.ATM.PM25.MC.ZS,,,,,,,,,,,,,,,,,,,,,,,,,,,,,,,100,,,,,100,,,,,100,,,,,100,,,,,100,100,100,100,100,100,100,100,,
Brunei Darussalam,BRN,"PM2.5 air pollution, population exposed to levels exceeding WHO guideline value (% of total)",EN.ATM.PM25.MC.ZS,,,,,,,,,,,,,,,,,,,,,,,,,,,,,,,0,,,,,0,,,,,0,,,,,1.76213857,,,,,1.767244424,1.767920142,1.768517699,0,0,0,0,0,,
Bhutan,BTN,"PM2.5 air pollution, population exposed to levels exceeding WHO guideline value (% of total)",EN.ATM.PM25.MC.ZS,,,,,,,,,,,,,,,,,,,,,,,,,,,,,,,100,,,,,100,,,,,100,,,,,100,,,,,100,100,100,100,100,100,100,100,,
Botswana,BWA,"PM2.5 air pollution, population exposed to levels exceeding WHO guideline value (% of total)",EN.ATM.PM25.MC.ZS,,,,,,,,,,,,,,,,,,,,,,,,,,,,,,,100,,,,,100,,,,,100,,,,,100,,,,,100,100,100,100,100,100,100,100,,
Central African Republic,CAF,"PM2.5 air pollution, population exposed to levels exceeding WHO guideline value (% of total)",EN.ATM.PM25.MC.ZS,,,,,,,,,,,,,,,,,,,,,,,,,,,,,,,100,,,,,100,,,,,100,,,,,100,,,,,100,100,100,100,100,100,100,100,,
Canada,CAN,"PM2.5 air pollution, population exposed to levels exceeding WHO guideline value (% of total)",EN.ATM.PM25.MC.ZS,,,,,,,,,,,,,,,,,,,,,,,,,,,,,,,16.21291608,,,,,12.91223135,,,,,11.02131749,,,,,19.60268225,,,,,13.66721763,18.72081855,8.338183945,6.630326768,2.023391521,0.725554042,0,0,,
Central Europe and the Baltics,CEB,"PM2.5 air pollution, population exposed to levels exceeding WHO guideline value (% of total)",EN.ATM.PM25.MC.ZS,,,,,,,,,,,,,,,,,,,,,,,,,,,,,,,98.94583265,,,,,98.76618326,,,,,98.7547789,,,,,98.77892563,,,,,98.79088116,98.78222425,98.60853583,98.53582675,98.36080183,98.42037073,97.96652394,97.94979912,,
Switzerland,CHE,"PM2.5 air pollution, population exposed to levels exceeding WHO guideline value (% of total)",EN.ATM.PM25.MC.ZS,,,,,,,,,,,,,,,,,,,,,,,,,,,,,,,96.42866549,,,,,95.10024899,,,,,92.73058028,,,,,93.57506134,,,,,93.00070455,94.78523508,91.82091436,86.91049745,78.49918639,72.31110734,49.33945364,49.30013623,,
Channel Islands,CHI,"PM2.5 air pollution, population exposed to levels exceeding WHO guideline value (% of total)",EN.ATM.PM25.MC.ZS,,,,,,,,,,,,,,,,,,,,,,,,,,,,,,,,,,,,,,,,,,,,,,,,,,,,,,,,,,,,
Chile,CHL,"PM2.5 air pollution, population exposed to levels exceeding WHO guideline value (% of total)",EN.ATM.PM25.MC.ZS,,,,,,,,,,,,,,,,,,,,,,,,,,,,,,,99.35020241,,,,,99.3737591,,,,,99.24496998,,,,,99.27259617,,,,,99.28649823,99.31976119,99.29948107,99.30199962,99.15045175,98.57629893,97.59441874,97.66301771,,
China,CHN,"PM2.5 air pollution, population exposed to levels exceeding WHO guideline value (% of total)",EN.ATM.PM25.MC.ZS,,,,,,,,,,,,,,,,,,,,,,,,,,,,,,,100,,,,,100,,,,,99.99999612,,,,,99.99999686,,,,,99.99999743,99.99999754,99.99999299,99.99999054,99.99995845,99.99995516,99.99829865,99.99829446,,
Cote d'Ivoire,CIV,"PM2.5 air pollution, population exposed to levels exceeding WHO guideline value (% of total)",EN.ATM.PM25.MC.ZS,,,,,,,,,,,,,,,,,,,,,,,,,,,,,,,100,,,,,100,,,,,100,,,,,100,,,,,100,100,100,100,100,100,100,100,,
Cameroon,CMR,"PM2.5 air pollution, population exposed to levels exceeding WHO guideline value (% of total)",EN.ATM.PM25.MC.ZS,,,,,,,,,,,,,,,,,,,,,,,,,,,,,,,100,,,,,100,,,,,100,,,,,100,,,,,100,100,100,100,100,100,100,100,,
"Congo, Dem. Rep.",COD,"PM2.5 air pollution, population exposed to levels exceeding WHO guideline value (% of total)",EN.ATM.PM25.MC.ZS,,,,,,,,,,,,,,,,,,,,,,,,,,,,,,,100,,,,,100,,,,,100,,,,,100,,,,,100,100,100,100,100,100,100,100,,
"Congo, Rep.",COG,"PM2.5 air pollution, population exposed to levels exceeding WHO guideline value (% of total)",EN.ATM.PM25.MC.ZS,,,,,,,,,,,,,,,,,,,,,,,,,,,,,,,100,,,,,100,,,,,100,,,,,100,,,,,100,100,100,100,100,100,100,100,,
Colombia,COL,"PM2.5 air pollution, population exposed to levels exceeding WHO guideline value (% of total)",EN.ATM.PM25.MC.ZS,,,,,,,,,,,,,,,,,,,,,,,,,,,,,,,99.69689066,,,,,99.75641164,,,,,99.71683355,,,,,99.8770855,,,,,99.87603724,99.8381953,99.85618013,99.35286059,97.48104423,96.338151,92.74339524,92.10462898,,
Comoros,COM,"PM2.5 air pollution, population exposed to levels exceeding WHO guideline value (% of total)",EN.ATM.PM25.MC.ZS,,,,,,,,,,,,,,,,,,,,,,,,,,,,,,,100,,,,,100,,,,,100,,,,,100,,,,,100,100,100,100,100,100,100,100,,
Cabo Verde,CPV,"PM2.5 air pollution, population exposed to levels exceeding WHO guideline value (% of total)",EN.ATM.PM25.MC.ZS,,,,,,,,,,,,,,,,,,,,,,,,,,,,,,,100,,,,,100,,,,,100,,,,,100,,,,,100,100,100,100,100,100,100,100,,
Costa Rica,CRI,"PM2.5 air pollution, population exposed to levels exceeding WHO guideline value (% of total)",EN.ATM.PM25.MC.ZS,,,,,,,,,,,,,,,,,,,,,,,,,,,,,,,100,,,,,100,,,,,100,,,,,100,,,,,100,100,100,100,100,99.97998602,99.71706666,99.68879337,,
Caribbean small states,CSS,"PM2.5 air pollution, population exposed to levels exceeding WHO guideline value (% of total)",EN.ATM.PM25.MC.ZS,,,,,,,,,,,,,,,,,,,,,,,,,,,,,,,100,,,,,100,,,,,100,,,,,100,,,,,100,100,100,100,100,99.99997952,99.99888157,99.99873809,,
Cuba,CUB,"PM2.5 air pollution, population exposed to levels exceeding WHO guideline value (% of total)",EN.ATM.PM25.MC.ZS,,,,,,,,,,,,,,,,,,,,,,,,,,,,,,,100,,,,,100,,,,,100,,,,,100,,,,,100,100,100,100,100,100,100,100,,
Curacao,CUW,"PM2.5 air pollution, population exposed to levels exceeding WHO guideline value (% of total)",EN.ATM.PM25.MC.ZS,,,,,,,,,,,,,,,,,,,,,,,,,,,,,,,,,,,,,,,,,,,,,,,,,,,,,,,,,,,,
Cayman Islands,CYM,"PM2.5 air pollution, population exposed to levels exceeding WHO guideline value (% of total)",EN.ATM.PM25.MC.ZS,,,,,,,,,,,,,,,,,,,,,,,,,,,,,,,,,,,,,,,,,,,,,,,,,,,,,,,,,,,,
Cyprus,CYP,"PM2.5 air pollution, population exposed to levels exceeding WHO guideline value (% of total)",EN.ATM.PM25.MC.ZS,,,,,,,,,,,,,,,,,,,,,,,,,,,,,,,100,,,,,100,,,,,100,,,,,100,,,,,100,100,100,100,100,100,100,100,,
Czech Republic,CZE,"PM2.5 air pollution, population exposed to levels exceeding WHO guideline value (% of total)",EN.ATM.PM25.MC.ZS,,,,,,,,,,,,,,,,,,,,,,,,,,,,,,,99.9816846,,,,,99.98157212,,,,,99.96735159,,,,,99.96775735,,,,,99.96840965,99.96851952,99.94347175,99.92720102,99.91786085,99.82828388,99.67485548,99.67721262,,
Germany,DEU,"PM2.5 air pollution, population exposed to levels exceeding WHO guideline value (% of total)",EN.ATM.PM25.MC.ZS,,,,,,,,,,,,,,,,,,,,,,,,,,,,,,,99.75579068,,,,,99.64660636,,,,,99.40718619,,,,,99.18486098,,,,,99.59944007,99.44802945,98.29506796,97.84632154,95.72529588,95.95259594,89.15466272,89.17435643,,
Djibouti,DJI,"PM2.5 air pollution, population exposed to levels exceeding WHO guideline value (% of total)",EN.ATM.PM25.MC.ZS,,,,,,,,,,,,,,,,,,,,,,,,,,,,,,,100,,,,,100,,,,,100,,,,,100,,,,,100,100,100,100,100,100,100,100,,
Dominica,DMA,"PM2.5 air pollution, population exposed to levels exceeding WHO guideline value (% of total)",EN.ATM.PM25.MC.ZS,,,,,,,,,,,,,,,,,,,,,,,,,,,,,,,100,,,,,100,,,,,100,,,,,100,,,,,100,100,100,100,100,100,100,100,,
Denmark,DNK,"PM2.5 air pollution, population exposed to levels exceeding WHO guideline value (% of total)",EN.ATM.PM25.MC.ZS,,,,,,,,,,,,,,,,,,,,,,,,,,,,,,,99.96173726,,,,,99.54927924,,,,,97.96609489,,,,,97.13967547,,,,,96.09901417,98.95868163,85.47423363,78.75029356,82.83430732,75.18744118,57.09176238,56.91445611,,
Dominican Republic,DOM,"PM2.5 air pollution, population exposed to levels exceeding WHO guideline value (% of total)",EN.ATM.PM25.MC.ZS,,,,,,,,,,,,,,,,,,,,,,,,,,,,,,,100,,,,,100,,,,,100,,,,,100,,,,,100,100,100,100,99.97857173,99.97859822,99.91388391,99.91344262,,
Algeria,DZA,"PM2.5 air pollution, population exposed to levels exceeding WHO guideline value (% of total)",EN.ATM.PM25.MC.ZS,,,,,,,,,,,,,,,,,,,,,,,,,,,,,,,100,,,,,100,,,,,100,,,,,100,,,,,100,100,100,100,100,100,100,100,,
East Asia & Pacific (excluding high income),EAP,"PM2.5 air pollution, population exposed to levels exceeding WHO guideline value (% of total)",EN.ATM.PM25.MC.ZS,,,,,,,,,,,,,,,,,,,,,,,,,,,,,,,99.6738761,,,,,99.66932681,,,,,99.60176905,,,,,99.84895079,,,,,99.51433289,99.721305,99.90983797,99.16939177,99.13491901,99.38309134,99.13886262,99.09287859,,
Early-demographic dividend,EAR,"PM2.5 air pollution, population exposed to levels exceeding WHO guideline value (% of total)",EN.ATM.PM25.MC.ZS,,,,,,,,,,,,,,,,,,,,,,,,,,,,,,,99.77825573,,,,,99.78269498,,,,,99.73990733,,,,,99.90108545,,,,,99.68743109,99.82681831,99.94165039,99.48548828,99.45134876,99.58943902,99.38439899,99.3532373,,
East Asia & Pacific,EAS,"PM2.5 air pollution, population exposed to levels exceeding WHO guideline value (% of total)",EN.ATM.PM25.MC.ZS,,,,,,,,,,,,,,,,,,,,,,,,,,,,,,,98.38180146,,,,,98.39361575,,,,,98.32598364,,,,,98.55880816,,,,,98.26664929,98.48222089,98.38293096,97.72241451,97.56201112,97.81811645,96.84481712,96.87766442,,
Europe & Central Asia (excluding high income),ECA,"PM2.5 air pollution, population exposed to levels exceeding WHO guideline value (% of total)",EN.ATM.PM25.MC.ZS,,,,,,,,,,,,,,,,,,,,,,,,,,,,,,,98.56248918,,,,,98.10692396,,,,,98.32050708,,,,,98.33760476,,,,,98.54976722,98.4009424,98.14997624,97.45723633,97.17899967,96.7617366,96.39550615,96.38606164,,
Europe & Central Asia,ECS,"PM2.5 air pollution, population exposed to levels exceeding WHO guideline value (% of total)",EN.ATM.PM25.MC.ZS,,,,,,,,,,,,,,,,,,,,,,,,,,,,,,,94.81699925,,,,,94.22664346,,,,,93.98134028,,,,,93.85519422,,,,,93.60181522,94.3579123,92.27599459,91.08123679,88.31219385,88.61739936,85.08026888,85.06900432,,
Ecuador,ECU,"PM2.5 air pollution, population exposed to levels exceeding WHO guideline value (% of total)",EN.ATM.PM25.MC.ZS,,,,,,,,,,,,,,,,,,,,,,,,,,,,,,,99.98107065,,,,,99.98928585,,,,,99.98581012,,,,,99.99901924,,,,,99.99971749,99.99709267,99.9987849,99.97453985,99.63520089,99.38916952,98.65234837,98.31562394,,
"Egypt, Arab Rep.",EGY,"PM2.5 air pollution, population exposed to levels exceeding WHO guideline value (% of total)",EN.ATM.PM25.MC.ZS,,,,,,,,,,,,,,,,,,,,,,,,,,,,,,,100,,,,,100,,,,,100,,,,,100,,,,,100,100,100,100,100,100,100,100,,
Euro area,EMU,"PM2.5 air pollution, population exposed to levels exceeding WHO guideline value (% of total)",EN.ATM.PM25.MC.ZS,,,,,,,,,,,,,,,,,,,,,,,,,,,,,,,93.00917917,,,,,92.47222432,,,,,92.03672353,,,,,91.98509367,,,,,91.43220795,92.65376348,89.29121217,87.65739486,82.77039957,84.39633167,77.25749077,77.36932339,,
Eritrea,ERI,"PM2.5 air pollution, population exposed to levels exceeding WHO guideline value (% of total)",EN.ATM.PM25.MC.ZS,,,,,,,,,,,,,,,,,,,,,,,,,,,,,,,100,,,,,100,,,,,100,,,,,100,,,,,100,100,100,100,100,100,100,100,,
Spain,ESP,"PM2.5 air pollution, population exposed to levels exceeding WHO guideline value (% of total)",EN.ATM.PM25.MC.ZS,,,,,,,,,,,,,,,,,,,,,,,,,,,,,,,77.57638671,,,,,76.35216271,,,,,75.03080043,,,,,74.1582474,,,,,72.15110766,78.727385,68.4927049,60.6831518,47.71914768,55.15272487,40.724385,41.11554943,,
Estonia,EST,"PM2.5 air pollution, population exposed to levels exceeding WHO guideline value (% of total)",EN.ATM.PM25.MC.ZS,,,,,,,,,,,,,,,,,,,,,,,,,,,,,,,26.15621105,,,,,6.887299394,,,,,5.025807538,,,,,5.821428321,,,,,6.476011614,6.169849362,1.178708266,0.263896,0.258944001,0,0,0,,
Ethiopia,ETH,"PM2.5 air pollution, population exposed to levels exceeding WHO guideline value (% of total)",EN.ATM.PM25.MC.ZS,,,,,,,,,,,,,,,,,,,,,,,,,,,,,,,100,,,,,100,,,,,100,,,,,100,,,,,100,100,100,100,100,100,100,100,,
European Union,EUU,"PM2.5 air pollution, population exposed to levels exceeding WHO guideline value (% of total)",EN.ATM.PM25.MC.ZS,,,,,,,,,,,,,,,,,,,,,,,,,,,,,,,92.71970136,,,,,92.08952568,,,,,91.59129809,,,,,91.51534923,,,,,90.91019111,92.12669001,88.9583477,87.46584606,82.88343646,83.86448262,78.1804199,78.14422805,,
Fragile and conflict affected situations,FCS,"PM2.5 air pollution, population exposed to levels exceeding WHO guideline value (% of total)",EN.ATM.PM25.MC.ZS,,,,,,,,,,,,,,,,,,,,,,,,,,,,,,,100,,,,,100,,,,,100,,,,,100,,,,,100,100,100,100,100,100,99.99992408,99.9998144,,
Finland,FIN,"PM2.5 air pollution, population exposed to levels exceeding WHO guideline value (% of total)",EN.ATM.PM25.MC.ZS,,,,,,,,,,,,,,,,,,,,,,,,,,,,,,,1.627373859,,,,,0.673758399,,,,,0,,,,,0.724678786,,,,,0.73514962,0.737042448,0,0,0,0,0,0,,
Fiji,FJI,"PM2.5 air pollution, population exposed to levels exceeding WHO guideline value (% of total)",EN.ATM.PM25.MC.ZS,,,,,,,,,,,,,,,,,,,,,,,,,,,,,,,100,,,,,100,,,,,100,,,,,100,,,,,100,100,100,100,99.99426434,99.97864842,93.69405468,82.80318235,,
France,FRA,"PM2.5 air pollution, population exposed to levels exceeding WHO guideline value (% of total)",EN.ATM.PM25.MC.ZS,,,,,,,,,,,,,,,,,,,,,,,,,,,,,,,99.7744511,,,,,99.62535381,,,,,99.37341424,,,,,99.60444501,,,,,99.47900777,99.69818014,98.61152778,97.4091023,87.84524972,90.41211847,78.27749787,78.21356392,,
Faroe Islands,FRO,"PM2.5 air pollution, population exposed to levels exceeding WHO guideline value (% of total)",EN.ATM.PM25.MC.ZS,,,,,,,,,,,,,,,,,,,,,,,,,,,,,,,,,,,,,,,,,,,,,,,,,,,,,,,,,,,,
"Micronesia, Fed. Sts.",FSM,"PM2.5 air pollution, population exposed to levels exceeding WHO guideline value (% of total)",EN.ATM.PM25.MC.ZS,,,,,,,,,,,,,,,,,,,,,,,,,,,,,,,100,,,,,100,,,,,100,,,,,100,,,,,100,100,100,100,100,100,99.99999998,99.99999998,,
Gabon,GAB,"PM2.5 air pollution, population exposed to levels exceeding WHO guideline value (% of total)",EN.ATM.PM25.MC.ZS,,,,,,,,,,,,,,,,,,,,,,,,,,,,,,,100,,,,,100,,,,,100,,,,,100,,,,,100,100,100,100,100,100,100,100,,
United Kingdom,GBR,"PM2.5 air pollution, population exposed to levels exceeding WHO guideline value (% of total)",EN.ATM.PM25.MC.ZS,,,,,,,,,,,,,,,,,,,,,,,,,,,,,,,91.13908475,,,,,89.58045889,,,,,88.24742638,,,,,88.65418636,,,,,87.50243472,90.3821513,84.78734267,82.41659414,72.0666772,71.9634942,67.10067313,66.53324903,,
Georgia,GEO,"PM2.5 air pollution, population exposed to levels exceeding WHO guideline value (% of total)",EN.ATM.PM25.MC.ZS,,,,,,,,,,,,,,,,,,,,,,,,,,,,,,,100,,,,,100,,,,,100,,,,,100,,,,,100,100,100,100,100,100,100,100,,
Ghana,GHA,"PM2.5 air pollution, population exposed to levels exceeding WHO guideline value (% of total)",EN.ATM.PM25.MC.ZS,,,,,,,,,,,,,,,,,,,,,,,,,,,,,,,100,,,,,100,,,,,100,,,,,100,,,,,100,100,100,100,100,100,100,100,,
Gibraltar,GIB,"PM2.5 air pollution, population exposed to levels exceeding WHO guideline value (% of total)",EN.ATM.PM25.MC.ZS,,,,,,,,,,,,,,,,,,,,,,,,,,,,,,,,,,,,,,,,,,,,,,,,,,,,,,,,,,,,
Guinea,GIN,"PM2.5 air pollution, population exposed to levels exceeding WHO guideline value (% of total)",EN.ATM.PM25.MC.ZS,,,,,,,,,,,,,,,,,,,,,,,,,,,,,,,100,,,,,100,,,,,100,,,,,100,,,,,100,100,100,100,100,100,100,100,,
"Gambia, The",GMB,"PM2.5 air pollution, population exposed to levels exceeding WHO guideline value (% of total)",EN.ATM.PM25.MC.ZS,,,,,,,,,,,,,,,,,,,,,,,,,,,,,,,100,,,,,100,,,,,100,,,,,100,,,,,100,100,100,100,100,100,100,100,,
Guinea-Bissau,GNB,"PM2.5 air pollution, population exposed to levels exceeding WHO guideline value (% of total)",EN.ATM.PM25.MC.ZS,,,,,,,,,,,,,,,,,,,,,,,,,,,,,,,100,,,,,100,,,,,100,,,,,100,,,,,100,100,100,100,100,100,100,100,,
Equatorial Guinea,GNQ,"PM2.5 air pollution, population exposed to levels exceeding WHO guideline value (% of total)",EN.ATM.PM25.MC.ZS,,,,,,,,,,,,,,,,,,,,,,,,,,,,,,,100,,,,,100,,,,,100,,,,,100,,,,,100,100,100,100,100,100,100,100,,
Greece,GRC,"PM2.5 air pollution, population exposed to levels exceeding WHO guideline value (% of total)",EN.ATM.PM25.MC.ZS,,,,,,,,,,,,,,,,,,,,,,,,,,,,,,,100,,,,,100,,,,,100,,,,,100,,,,,100,100,100,100,100,100,100,100,,
Grenada,GRD,"PM2.5 air pollution, population exposed to levels exceeding WHO guideline value (% of total)",EN.ATM.PM25.MC.ZS,,,,,,,,,,,,,,,,,,,,,,,,,,,,,,,100,,,,,100,,,,,100,,,,,100,,,,,100,100,100,100,100,100,100,100,,
Greenland,GRL,"PM2.5 air pollution, population exposed to levels exceeding WHO guideline value (% of total)",EN.ATM.PM25.MC.ZS,,,,,,,,,,,,,,,,,,,,,,,,,,,,,,,100,,,,,100,,,,,100,,,,,100,,,,,100,100,100,100,98.76045629,98.75354563,80.10090371,80.01601067,,
Guatemala,GTM,"PM2.5 air pollution, population exposed to levels exceeding WHO guideline value (% of total)",EN.ATM.PM25.MC.ZS,,,,,,,,,,,,,,,,,,,,,,,,,,,,,,,100,,,,,100,,,,,100,,,,,100,,,,,100,100,100,100,100,100,100,100,,
Guam,GUM,"PM2.5 air pollution, population exposed to levels exceeding WHO guideline value (% of total)",EN.ATM.PM25.MC.ZS,,,,,,,,,,,,,,,,,,,,,,,,,,,,,,,100,,,,,100,,,,,100,,,,,100,,,,,100,100,100,100,91.66666667,100,83.33333333,83.33333333,,
Guyana,GUY,"PM2.5 air pollution, population exposed to levels exceeding WHO guideline value (% of total)",EN.ATM.PM25.MC.ZS,,,,,,,,,,,,,,,,,,,,,,,,,,,,,,,100,,,,,100,,,,,100,,,,,100,,,,,100,100,100,100,100,99.99980863,99.98953471,99.98817732,,
High income,HIC,"PM2.5 air pollution, population exposed to levels exceeding WHO guideline value (% of total)",EN.ATM.PM25.MC.ZS,,,,,,,,,,,,,,,,,,,,,,,,,,,,,,,77.99342881,,,,,76.39408327,,,,,75.50629766,,,,,75.78209485,,,,,73.6989085,76.83768624,69.42170712,66.49000635,61.43543214,60.89669417,55.30071891,55.39602914,,
"Hong Kong SAR, China",HKG,"PM2.5 air pollution, population exposed to levels exceeding WHO guideline value (% of total)",EN.ATM.PM25.MC.ZS,,,,,,,,,,,,,,,,,,,,,,,,,,,,,,,,,,,,,,,,,,,,,,,,,,,,,,,,,,,,
Honduras,HND,"PM2.5 air pollution, population exposed to levels exceeding WHO guideline value (% of total)",EN.ATM.PM25.MC.ZS,,,,,,,,,,,,,,,,,,,,,,,,,,,,,,,100,,,,,100,,,,,100,,,,,100,,,,,100,100,100,100,100,99.99887667,99.98207531,99.98352171,,
Heavily indebted poor countries (HIPC),HPC,"PM2.5 air pollution, population exposed to levels exceeding WHO guideline value (% of total)",EN.ATM.PM25.MC.ZS,,,,,,,,,,,,,,,,,,,,,,,,,,,,,,,99.99996699,,,,,99.99996662,,,,,99.99929042,,,,,99.99936067,,,,,99.99942247,99.99943475,99.99944701,99.99945923,99.99937622,99.9993707,99.99890027,99.99895202,,
Croatia,HRV,"PM2.5 air pollution, population exposed to levels exceeding WHO guideline value (% of total)",EN.ATM.PM25.MC.ZS,,,,,,,,,,,,,,,,,,,,,,,,,,,,,,,100,,,,,100,,,,,100,,,,,100,,,,,100,100,100,100,100,100,99.78069913,99.77960527,,
Haiti,HTI,"PM2.5 air pollution, population exposed to levels exceeding WHO guideline value (% of total)",EN.ATM.PM25.MC.ZS,,,,,,,,,,,,,,,,,,,,,,,,,,,,,,,100,,,,,100,,,,,100,,,,,100,,,,,100,100,100,100,100,100,100,100,,
Hungary,HUN,"PM2.5 air pollution, population exposed to levels exceeding WHO guideline value (% of total)",EN.ATM.PM25.MC.ZS,,,,,,,,,,,,,,,,,,,,,,,,,,,,,,,100,,,,,100,,,,,100,,,,,100,,,,,100,100,100,100,100,100,100,100,,
IBRD only,IBD,"PM2.5 air pollution, population exposed to levels exceeding WHO guideline value (% of total)",EN.ATM.PM25.MC.ZS,,,,,,,,,,,,,,,,,,,,,,,,,,,,,,,99.19199182,,,,,99.17153033,,,,,99.22906895,,,,,99.29544073,,,,,99.22897502,99.36011094,99.16933955,98.70328794,98.25274375,98.20629388,97.52759114,97.40215444,,
IDA & IBRD total,IBT,"PM2.5 air pollution, population exposed to levels exceeding WHO guideline value (% of total)",EN.ATM.PM25.MC.ZS,,,,,,,,,,,,,,,,,,,,,,,,,,,,,,,99.34739652,,,,,99.33841376,,,,,99.39245886,,,,,99.45259995,,,,,99.41040245,99.51211399,99.36850141,99.01752306,98.67145449,98.64195581,98.13421952,98.04498352,,
IDA total,IDA,"PM2.5 air pollution, population exposed to levels exceeding WHO guideline value (% of total)",EN.ATM.PM25.MC.ZS,,,,,,,,,,,,,,,,,,,,,,,,,,,,,,,99.99102677,,,,,99.99041262,,,,,99.99347307,,,,,99.99455849,,,,,99.99604,99.99649333,99.99532692,99.99438893,99.95694659,99.96252647,99.94935395,99.94329912,,
IDA blend,IDB,"PM2.5 air pollution, population exposed to levels exceeding WHO guideline value (% of total)",EN.ATM.PM25.MC.ZS,,,,,,,,,,,,,,,,,,,,,,,,,,,,,,,99.97361859,,,,,99.97416352,,,,,99.98351263,,,,,99.98644633,,,,,99.98904668,99.99038972,99.9887776,99.98668522,99.98165477,99.98814085,99.97135502,99.95505624,,
Indonesia,IDN,"PM2.5 air pollution, population exposed to levels exceeding WHO guideline value (% of total)",EN.ATM.PM25.MC.ZS,,,,,,,,,,,,,,,,,,,,,,,,,,,,,,,97.65695787,,,,,97.66009417,,,,,97.10847229,,,,,99.00021131,,,,,96.42305878,98.06412739,99.51360267,94.21097786,94.49722032,96.1423725,95.69352975,95.56714726,,
IDA only,IDX,"PM2.5 air pollution, population exposed to levels exceeding WHO guideline value (% of total)",EN.ATM.PM25.MC.ZS,,,,,,,,,,,,,,,,,,,,,,,,,,,,,,,99.99997887,,,,,99.99872483,,,,,99.99856548,,,,,99.99867896,,,,,99.99960275,99.99960892,99.99867452,99.99833207,99.9442837,99.9493864,99.93806041,99.93726229,,
Isle of Man,IMN,"PM2.5 air pollution, population exposed to levels exceeding WHO guideline value (% of total)",EN.ATM.PM25.MC.ZS,,,,,,,,,,,,,,,,,,,,,,,,,,,,,,,,,,,,,,,,,,,,,,,,,,,,,,,,,,,,
India,IND,"PM2.5 air pollution, population exposed to levels exceeding WHO guideline value (% of total)",EN.ATM.PM25.MC.ZS,,,,,,,,,,,,,,,,,,,,,,,,,,,,,,,100,,,,,100,,,,,100,,,,,100,,,,,100,100,100,100,100,100,100,100,,
Not classified,INX,"PM2.5 air pollution, population exposed to levels exceeding WHO guideline value (% of total)",EN.ATM.PM25.MC.ZS,,,,,,,,,,,,,,,,,,,,,,,,,,,,,,,,,,,,,,,,,,,,,,,,,,,,,,,,,,,,
Ireland,IRL,"PM2.5 air pollution, population exposed to levels exceeding WHO guideline value (% of total)",EN.ATM.PM25.MC.ZS,,,,,,,,,,,,,,,,,,,,,,,,,,,,,,,60.3008592,,,,,54.96168023,,,,,50.33809979,,,,,46.53983811,,,,,49.33923499,56.87936973,29.96477012,27.36131406,3.611993262,2.718190834,0.273735769,0.274091679,,
"Iran, Islamic Rep.",IRN,"PM2.5 air pollution, population exposed to levels exceeding WHO guideline value (% of total)",EN.ATM.PM25.MC.ZS,,,,,,,,,,,,,,,,,,,,,,,,,,,,,,,100,,,,,100,,,,,100,,,,,100,,,,,100,100,100,100,100,100,100,100,,
Iraq,IRQ,"PM2.5 air pollution, population exposed to levels exceeding WHO guideline value (% of total)",EN.ATM.PM25.MC.ZS,,,,,,,,,,,,,,,,,,,,,,,,,,,,,,,100,,,,,100,,,,,100,,,,,100,,,,,100,100,100,100,100,100,100,100,,
Iceland,ISL,"PM2.5 air pollution, population exposed to levels exceeding WHO guideline value (% of total)",EN.ATM.PM25.MC.ZS,,,,,,,,,,,,,,,,,,,,,,,,,,,,,,,22.82265445,,,,,21.21259897,,,,,18.15976237,,,,,14.71667416,,,,,16.81281434,16.96763852,13.19362565,12.84403823,12.1246396,11.98495478,11.10046178,10.28521579,,
Israel,ISR,"PM2.5 air pollution, population exposed to levels exceeding WHO guideline value (% of total)",EN.ATM.PM25.MC.ZS,,,,,,,,,,,,,,,,,,,,,,,,,,,,,,,100,,,,,100,,,,,100,,,,,100,,,,,100,100,100,100,100,100,100,100,,
Italy,ITA,"PM2.5 air pollution, population exposed to levels exceeding WHO guideline value (% of total)",EN.ATM.PM25.MC.ZS,,,,,,,,,,,,,,,,,,,,,,,,,,,,,,,98.8103869,,,,,98.77068354,,,,,98.53143399,,,,,98.41560076,,,,,98.11216648,98.57762205,97.84864873,97.26338617,96.58307004,96.75457394,94.54848442,94.777214,,
Jamaica,JAM,"PM2.5 air pollution, population exposed to levels exceeding WHO guideline value (% of total)",EN.ATM.PM25.MC.ZS,,,,,,,,,,,,,,,,,,,,,,,,,,,,,,,100,,,,,100,,,,,100,,,,,100,,,,,100,100,100,100,100,100,100,100,,
Jordan,JOR,"PM2.5 air pollution, population exposed to levels exceeding WHO guideline value (% of total)",EN.ATM.PM25.MC.ZS,,,,,,,,,,,,,,,,,,,,,,,,,,,,,,,100,,,,,100,,,,,100,,,,,100,,,,,100,100,100,100,100,100,100,100,,
Japan,JPN,"PM2.5 air pollution, population exposed to levels exceeding WHO guideline value (% of total)",EN.ATM.PM25.MC.ZS,,,,,,,,,,,,,,,,,,,,,,,,,,,,,,,92.52874907,,,,,92.506271,,,,,91.74729438,,,,,92.09008334,,,,,92.58883122,92.56048747,89.13152401,89.80213203,87.81962942,88.66865042,75.41211147,76.76150823,,
Kazakhstan,KAZ,"PM2.5 air pollution, population exposed to levels exceeding WHO guideline value (% of total)",EN.ATM.PM25.MC.ZS,,,,,,,,,,,,,,,,,,,,,,,,,,,,,,,97.97481027,,,,,97.47356781,,,,,96.82196491,,,,,96.80261789,,,,,97.2109484,97.53209832,96.22187137,95.65702147,91.60699878,92.6415526,87.15238088,87.41423053,,
Kenya,KEN,"PM2.5 air pollution, population exposed to levels exceeding WHO guideline value (% of total)",EN.ATM.PM25.MC.ZS,,,,,,,,,,,,,,,,,,,,,,,,,,,,,,,100,,,,,100,,,,,100,,,,,100,,,,,100,100,100,100,100,100,100,100,,
Kyrgyz Republic,KGZ,"PM2.5 air pollution, population exposed to levels exceeding WHO guideline value (% of total)",EN.ATM.PM25.MC.ZS,,,,,,,,,,,,,,,,,,,,,,,,,,,,,,,100,,,,,99.82613248,,,,,99.85855865,,,,,99.86039273,,,,,100,100,99.84093894,99.78157274,98.07187745,99.10894838,97.40665321,97.43255692,,
Cambodia,KHM,"PM2.5 air pollution, population exposed to levels exceeding WHO guideline value (% of total)",EN.ATM.PM25.MC.ZS,,,,,,,,,,,,,,,,,,,,,,,,,,,,,,,100,,,,,100,,,,,100,,,,,100,,,,,100,100,100,100,100,100,100,100,,
Kiribati,KIR,"PM2.5 air pollution, population exposed to levels exceeding WHO guideline value (% of total)",EN.ATM.PM25.MC.ZS,,,,,,,,,,,,,,,,,,,,,,,,,,,,,,,100,,,,,100,,,,,100,,,,,100,,,,,100,100,100,99.99999992,99.99999958,99.99999957,99.9999995,99.9999995,,
St. Kitts and Nevis,KNA,"PM2.5 air pollution, population exposed to levels exceeding WHO guideline value (% of total)",EN.ATM.PM25.MC.ZS,,,,,,,,,,,,,,,,,,,,,,,,,,,,,,,,,,,,,,,,,,,,,,,,,,,,,,,,,,,,
"Korea, Rep.",KOR,"PM2.5 air pollution, population exposed to levels exceeding WHO guideline value (% of total)",EN.ATM.PM25.MC.ZS,,,,,,,,,,,,,,,,,,,,,,,,,,,,,,,100,,,,,100,,,,,100,,,,,100,,,,,100,100,100,100,100,100,100,100,,
Kuwait,KWT,"PM2.5 air pollution, population exposed to levels exceeding WHO guideline value (% of total)",EN.ATM.PM25.MC.ZS,,,,,,,,,,,,,,,,,,,,,,,,,,,,,,,100,,,,,100,,,,,100,,,,,100,,,,,100,100,100,100,100,100,100,100,,
Latin America & Caribbean (excluding high income),LAC,"PM2.5 air pollution, population exposed to levels exceeding WHO guideline value (% of total)",EN.ATM.PM25.MC.ZS,,,,,,,,,,,,,,,,,,,,,,,,,,,,,,,96.00864115,,,,,96.20454275,,,,,96.66574667,,,,,96.32899544,,,,,96.76820857,97.12591834,95.33409331,94.76677649,91.68732575,90.81489362,87.79732405,87.79374974,,
Lao PDR,LAO,"PM2.5 air pollution, population exposed to levels exceeding WHO guideline value (% of total)",EN.ATM.PM25.MC.ZS,,,,,,,,,,,,,,,,,,,,,,,,,,,,,,,100,,,,,100,,,,,100,,,,,100,,,,,100,100,100,100,100,100,100,100,,
Lebanon,LBN,"PM2.5 air pollution, population exposed to levels exceeding WHO guideline value (% of total)",EN.ATM.PM25.MC.ZS,,,,,,,,,,,,,,,,,,,,,,,,,,,,,,,100,,,,,100,,,,,100,,,,,100,,,,,100,100,100,100,100,100,100,100,,
Liberia,LBR,"PM2.5 air pollution, population exposed to levels exceeding WHO guideline value (% of total)",EN.ATM.PM25.MC.ZS,,,,,,,,,,,,,,,,,,,,,,,,,,,,,,,100,,,,,100,,,,,100,,,,,100,,,,,100,100,100,100,100,100,100,100,,
Libya,LBY,"PM2.5 air pollution, population exposed to levels exceeding WHO guideline value (% of total)",EN.ATM.PM25.MC.ZS,,,,,,,,,,,,,,,,,,,,,,,,,,,,,,,100,,,,,100,,,,,100,,,,,100,,,,,100,100,100,100,100,100,100,100,,
St. Lucia,LCA,"PM2.5 air pollution, population exposed to levels exceeding WHO guideline value (% of total)",EN.ATM.PM25.MC.ZS,,,,,,,,,,,,,,,,,,,,,,,,,,,,,,,100,,,,,100,,,,,100,,,,,100,,,,,100,100,100,100,100,100,100,100,,
Latin America & Caribbean,LCN,"PM2.5 air pollution, population exposed to levels exceeding WHO guideline value (% of total)",EN.ATM.PM25.MC.ZS,,,,,,,,,,,,,,,,,,,,,,,,,,,,,,,95.27444783,,,,,95.50426637,,,,,96.47055146,,,,,96.08623184,,,,,96.568146,97.02092611,94.98024286,94.32009457,91.13225897,90.2630894,87.20176643,87.21491182,,
Least developed countries: UN classification,LDC,"PM2.5 air pollution, population exposed to levels exceeding WHO guideline value (% of total)",EN.ATM.PM25.MC.ZS,,,,,,,,,,,,,,,,,,,,,,,,,,,,,,,100,,,,,100,,,,,100,,,,,100,,,,,100,100,100,100,100,100,100,99.99994684,,
Low income,LIC,"PM2.5 air pollution, population exposed to levels exceeding WHO guideline value (% of total)",EN.ATM.PM25.MC.ZS,,,,,,,,,,,,,,,,,,,,,,,,,,,,,,,100,,,,,100,,,,,100,,,,,100,,,,,100,100,100,100,100,100,100,100,,
Liechtenstein,LIE,"PM2.5 air pollution, population exposed to levels exceeding WHO guideline value (% of total)",EN.ATM.PM25.MC.ZS,,,,,,,,,,,,,,,,,,,,,,,,,,,,,,,,,,,,,,,,,,,,,,,,,,,,,,,,,,,,
Sri Lanka,LKA,"PM2.5 air pollution, population exposed to levels exceeding WHO guideline value (% of total)",EN.ATM.PM25.MC.ZS,,,,,,,,,,,,,,,,,,,,,,,,,,,,,,,100,,,,,100,,,,,100,,,,,100,,,,,100,100,100,100,100,100,69.06296284,45.53841726,,
Lower middle income,LMC,"PM2.5 air pollution, population exposed to levels exceeding WHO guideline value (% of total)",EN.ATM.PM25.MC.ZS,,,,,,,,,,,,,,,,,,,,,,,,,,,,,,,99.76933845,,,,,99.77381038,,,,,99.72864274,,,,,99.9062123,,,,,99.67622396,99.82424359,99.95388502,99.46907782,99.46660529,99.63198251,99.49563942,99.46973707,,
Low & middle income,LMY,"PM2.5 air pollution, population exposed to levels exceeding WHO guideline value (% of total)",EN.ATM.PM25.MC.ZS,,,,,,,,,,,,,,,,,,,,,,,,,,,,,,,99.35889782,,,,,99.34903256,,,,,99.39961637,,,,,99.46767619,,,,,99.42048686,99.51740252,99.39225873,99.04436711,98.71388458,98.68892851,98.19387349,98.10415125,,
Lesotho,LSO,"PM2.5 air pollution, population exposed to levels exceeding WHO guideline value (% of total)",EN.ATM.PM25.MC.ZS,,,,,,,,,,,,,,,,,,,,,,,,,,,,,,,100,,,,,100,,,,,100,,,,,100,,,,,100,100,100,100,100,100,100,100,,
Late-demographic dividend,LTE,"PM2.5 air pollution, population exposed to levels exceeding WHO guideline value (% of total)",EN.ATM.PM25.MC.ZS,,,,,,,,,,,,,,,,,,,,,,,,,,,,,,,98.37067073,,,,,98.29778514,,,,,98.55637084,,,,,98.45872023,,,,,98.59392387,98.70349644,98.05216205,97.68580592,96.69976004,96.4044058,95.24457787,95.01690295,,
Lithuania,LTU,"PM2.5 air pollution, population exposed to levels exceeding WHO guideline value (% of total)",EN.ATM.PM25.MC.ZS,,,,,,,,,,,,,,,,,,,,,,,,,,,,,,,99.93809914,,,,,99.93632686,,,,,99.9443701,,,,,99.94080044,,,,,99.93703877,99.936274,99.93550171,99.93471758,99.93391988,99.5312153,97.07495748,95.99985931,,
Luxembourg,LUX,"PM2.5 air pollution, population exposed to levels exceeding WHO guideline value (% of total)",EN.ATM.PM25.MC.ZS,,,,,,,,,,,,,,,,,,,,,,,,,,,,,,,100,,,,,100,,,,,99.66423051,,,,,96.44054417,,,,,99.87426795,99.87655673,90.9053329,89.43147575,78.01659635,79.97926683,68.73273003,68.77562274,,
Latvia,LVA,"PM2.5 air pollution, population exposed to levels exceeding WHO guideline value (% of total)",EN.ATM.PM25.MC.ZS,,,,,,,,,,,,,,,,,,,,,,,,,,,,,,,99.97949523,,,,,99.60808112,,,,,99.35650907,,,,,99.51499479,,,,,99.55003468,99.26025289,97.97096003,96.58677022,96.62907823,92.27308655,89.41149817,89.0140462,,
"Macao SAR, China",MAC,"PM2.5 air pollution, population exposed to levels exceeding WHO guideline value (% of total)",EN.ATM.PM25.MC.ZS,,,,,,,,,,,,,,,,,,,,,,,,,,,,,,,,,,,,,,,,,,,,,,,,,,,,,,,,,,,,
St. Martin (French part),MAF,"PM2.5 air pollution, population exposed to levels exceeding WHO guideline value (% of total)",EN.ATM.PM25.MC.ZS,,,,,,,,,,,,,,,,,,,,,,,,,,,,,,,,,,,,,,,,,,,,,,,,,,,,,,,,,,,,
Morocco,MAR,"PM2.5 air pollution, population exposed to levels exceeding WHO guideline value (% of total)",EN.ATM.PM25.MC.ZS,,,,,,,,,,,,,,,,,,,,,,,,,,,,,,,100,,,,,100,,,,,100,,,,,100,,,,,100,100,100,100,100,100,100,100,,
Monaco,MCO,"PM2.5 air pollution, population exposed to levels exceeding WHO guideline value (% of total)",EN.ATM.PM25.MC.ZS,,,,,,,,,,,,,,,,,,,,,,,,,,,,,,,,,,,,,,,,,,,,,,,,,,,,,,,,,,,,
Moldova,MDA,"PM2.5 air pollution, population exposed to levels exceeding WHO guideline value (% of total)",EN.ATM.PM25.MC.ZS,,,,,,,,,,,,,,,,,,,,,,,,,,,,,,,100,,,,,100,,,,,100,,,,,100,,,,,100,100,100,100,100,100,100,100,,
Madagascar,MDG,"PM2.5 air pollution, population exposed to levels exceeding WHO guideline value (% of total)",EN.ATM.PM25.MC.ZS,,,,,,,,,,,,,,,,,,,,,,,,,,,,,,,100,,,,,100,,,,,100,,,,,100,,,,,100,100,100,100,100,100,100,100,,
Maldives,MDV,"PM2.5 air pollution, population exposed to levels exceeding WHO guideline value (% of total)",EN.ATM.PM25.MC.ZS,,,,,,,,,,,,,,,,,,,,,,,,,,,,,,,99.99999839,,,,,99.99999863,,,,,99.99999784,,,,,99.99999814,,,,,99.99999846,99.99999851,99.99999854,99.99999848,8.40E-08,6.87E-08,0,0,,
Middle East & North Africa,MEA,"PM2.5 air pollution, population exposed to levels exceeding WHO guideline value (% of total)",EN.ATM.PM25.MC.ZS,,,,,,,,,,,,,,,,,,,,,,,,,,,,,,,100,,,,,100,,,,,100,,,,,100,,,,,100,100,100,100,100,100,100,100,,
Mexico,MEX,"PM2.5 air pollution, population exposed to levels exceeding WHO guideline value (% of total)",EN.ATM.PM25.MC.ZS,,,,,,,,,,,,,,,,,,,,,,,,,,,,,,,99.96149786,,,,,99.95966067,,,,,99.93952763,,,,,99.94016516,,,,,99.93565185,99.94654393,99.93348652,99.91486566,99.7621771,99.71526554,99.656644,99.65612655,,
Marshall Islands,MHL,"PM2.5 air pollution, population exposed to levels exceeding WHO guideline value (% of total)",EN.ATM.PM25.MC.ZS,,,,,,,,,,,,,,,,,,,,,,,,,,,,,,,100,,,,,100,,,,,100,,,,,100,,,,,100,100,100,99.99999885,99.99999883,99.9999988,99.99999634,99.99999626,,
Middle income,MIC,"PM2.5 air pollution, population exposed to levels exceeding WHO guideline value (% of total)",EN.ATM.PM25.MC.ZS,,,,,,,,,,,,,,,,,,,,,,,,,,,,,,,99.3048628,,,,,99.29063351,,,,,99.34230457,,,,,99.41284598,,,,,99.35597961,99.46294195,99.32277038,98.93369292,98.56298508,98.53300161,97.97602586,97.87213401,,
North Macedonia,MKD,"PM2.5 air pollution, population exposed to levels exceeding WHO guideline value (% of total)",EN.ATM.PM25.MC.ZS,,,,,,,,,,,,,,,,,,,,,,,,,,,,,,,100,,,,,100,,,,,100,,,,,100,,,,,100,100,100,100,100,100,100,100,,
Mali,MLI,"PM2.5 air pollution, population exposed to levels exceeding WHO guideline value (% of total)",EN.ATM.PM25.MC.ZS,,,,,,,,,,,,,,,,,,,,,,,,,,,,,,,100,,,,,100,,,,,100,,,,,100,,,,,100,100,100,100,100,100,100,100,,
Malta,MLT,"PM2.5 air pollution, population exposed to levels exceeding WHO guideline value (% of total)",EN.ATM.PM25.MC.ZS,,,,,,,,,,,,,,,,,,,,,,,,,,,,,,,100,,,,,100,,,,,100,,,,,100,,,,,100,100,100,100,100,100,100,100,,
Myanmar,MMR,"PM2.5 air pollution, population exposed to levels exceeding WHO guideline value (% of total)",EN.ATM.PM25.MC.ZS,,,,,,,,,,,,,,,,,,,,,,,,,,,,,,,100,,,,,100,,,,,100,,,,,100,,,,,100,100,100,100,100,100,100,100,,
Middle East & North Africa (excluding high income),MNA,"PM2.5 air pollution, population exposed to levels exceeding WHO guideline value (% of total)",EN.ATM.PM25.MC.ZS,,,,,,,,,,,,,,,,,,,,,,,,,,,,,,,100,,,,,100,,,,,100,,,,,100,,,,,100,100,100,100,100,100,100,100,,
Montenegro,MNE,"PM2.5 air pollution, population exposed to levels exceeding WHO guideline value (% of total)",EN.ATM.PM25.MC.ZS,,,,,,,,,,,,,,,,,,,,,,,,,,,,,,,100,,,,,100,,,,,100,,,,,100,,,,,100,100,100,100,100,100,100,100,,
Mongolia,MNG,"PM2.5 air pollution, population exposed to levels exceeding WHO guideline value (% of total)",EN.ATM.PM25.MC.ZS,,,,,,,,,,,,,,,,,,,,,,,,,,,,,,,96.56512735,,,,,96.36190814,,,,,97.48152104,,,,,97.79649035,,,,,98.13814086,98.35710531,98.074227,97.70801597,96.83417056,97.95178478,96.83175233,97.01398059,,
Northern Mariana Islands,MNP,"PM2.5 air pollution, population exposed to levels exceeding WHO guideline value (% of total)",EN.ATM.PM25.MC.ZS,,,,,,,,,,,,,,,,,,,,,,,,,,,,,,,100,,,,,100,,,,,100,,,,,100,,,,,100,100,100,100,30.76923077,34.61538462,26.92307692,26.92307692,,
Mozambique,MOZ,"PM2.5 air pollution, population exposed to levels exceeding WHO guideline value (% of total)",EN.ATM.PM25.MC.ZS,,,,,,,,,,,,,,,,,,,,,,,,,,,,,,,100,,,,,100,,,,,100,,,,,100,,,,,100,100,100,100,100,100,100,100,,
Mauritania,MRT,"PM2.5 air pollution, population exposed to levels exceeding WHO guideline value (% of total)",EN.ATM.PM25.MC.ZS,,,,,,,,,,,,,,,,,,,,,,,,,,,,,,,100,,,,,100,,,,,100,,,,,100,,,,,100,100,100,100,100,100,100,100,,
Mauritius,MUS,"PM2.5 air pollution, population exposed to levels exceeding WHO guideline value (% of total)",EN.ATM.PM25.MC.ZS,,,,,,,,,,,,,,,,,,,,,,,,,,,,,,,100,,,,,100,,,,,100,,,,,100,,,,,100,100,100,100,100,100,100,100,,
Malawi,MWI,"PM2.5 air pollution, population exposed to levels exceeding WHO guideline value (% of total)",EN.ATM.PM25.MC.ZS,,,,,,,,,,,,,,,,,,,,,,,,,,,,,,,100,,,,,100,,,,,100,,,,,100,,,,,100,100,100,100,100,100,100,100,,
Malaysia,MYS,"PM2.5 air pollution, population exposed to levels exceeding WHO guideline value (% of total)",EN.ATM.PM25.MC.ZS,,,,,,,,,,,,,,,,,,,,,,,,,,,,,,,94.95693047,,,,,95.17303681,,,,,95.45669023,,,,,97.87994072,,,,,96.99731116,97.47653099,98.16901013,94.02458549,92.00610059,93.50817804,90.41989266,90.53734381,,
North America,NAC,"PM2.5 air pollution, population exposed to levels exceeding WHO guideline value (% of total)",EN.ATM.PM25.MC.ZS,,,,,,,,,,,,,,,,,,,,,,,,,,,,,,,44.83567256,,,,,41.55554118,,,,,39.9486041,,,,,41.81014296,,,,,35.7940943,43.92054902,26.64815674,19.435707,10.7754225,7.706956345,3.016645808,3.022545414,,
Namibia,NAM,"PM2.5 air pollution, population exposed to levels exceeding WHO guideline value (% of total)",EN.ATM.PM25.MC.ZS,,,,,,,,,,,,,,,,,,,,,,,,,,,,,,,100,,,,,100,,,,,100,,,,,100,,,,,100,100,100,100,100,100,100,100,,
New Caledonia,NCL,"PM2.5 air pollution, population exposed to levels exceeding WHO guideline value (% of total)",EN.ATM.PM25.MC.ZS,,,,,,,,,,,,,,,,,,,,,,,,,,,,,,,,,,,,,,,,,,,,,,,,,,,,,,,,,,,,
Niger,NER,"PM2.5 air pollution, population exposed to levels exceeding WHO guideline value (% of total)",EN.ATM.PM25.MC.ZS,,,,,,,,,,,,,,,,,,,,,,,,,,,,,,,100,,,,,100,,,,,100,,,,,100,,,,,100,100,100,100,100,100,100,100,,
Nigeria,NGA,"PM2.5 air pollution, population exposed to levels exceeding WHO guideline value (% of total)",EN.ATM.PM25.MC.ZS,,,,,,,,,,,,,,,,,,,,,,,,,,,,,,,100,,,,,100,,,,,100,,,,,100,,,,,100,100,100,100,100,100,100,100,,
Nicaragua,NIC,"PM2.5 air pollution, population exposed to levels exceeding WHO guideline value (% of total)",EN.ATM.PM25.MC.ZS,,,,,,,,,,,,,,,,,,,,,,,,,,,,,,,99.99719986,,,,,99.99704911,,,,,99.93397652,,,,,99.93610384,,,,,99.93810046,99.93853213,99.93897528,99.93943253,99.92908546,99.92951799,99.90322898,99.90269513,,
Netherlands,NLD,"PM2.5 air pollution, population exposed to levels exceeding WHO guideline value (% of total)",EN.ATM.PM25.MC.ZS,,,,,,,,,,,,,,,,,,,,,,,,,,,,,,,100,,,,,100,,,,,100,,,,,100,,,,,100,100,100,99.87044972,99.83441405,99.81168269,99.59579833,99.59814148,,
Norway,NOR,"PM2.5 air pollution, population exposed to levels exceeding WHO guideline value (% of total)",EN.ATM.PM25.MC.ZS,,,,,,,,,,,,,,,,,,,,,,,,,,,,,,,33.31155134,,,,,29.61784285,,,,,24.47496462,,,,,10.17240142,,,,,11.88874562,31.41142832,2.894365392,2.236189866,2.245509395,2.024656744,2.034288278,2.0438378,,
Nepal,NPL,"PM2.5 air pollution, population exposed to levels exceeding WHO guideline value (% of total)",EN.ATM.PM25.MC.ZS,,,,,,,,,,,,,,,,,,,,,,,,,,,,,,,100,,,,,100,,,,,100,,,,,100,,,,,100,100,100,100,100,100,100,100,,
Nauru,NRU,"PM2.5 air pollution, population exposed to levels exceeding WHO guideline value (% of total)",EN.ATM.PM25.MC.ZS,,,,,,,,,,,,,,,,,,,,,,,,,,,,,,,,,,,,,,,,,,,,,,,,,,,,,,,,,,,,
New Zealand,NZL,"PM2.5 air pollution, population exposed to levels exceeding WHO guideline value (% of total)",EN.ATM.PM25.MC.ZS,,,,,,,,,,,,,,,,,,,,,,,,,,,,,,,8.860266351,,,,,8.710659189,,,,,10.75232632,,,,,10.2826206,,,,,9.81955069,9.776035735,4.472606438,0.352390197,0.350996258,0.349574374,0,0,,
OECD members,OED,"PM2.5 air pollution, population exposed to levels exceeding WHO guideline value (% of total)",EN.ATM.PM25.MC.ZS,,,,,,,,,,,,,,,,,,,,,,,,,,,,,,,79.92038907,,,,,78.51609914,,,,,77.54487276,,,,,77.8724216,,,,,75.86625994,78.72118222,72.03275629,69.39320977,64.86147618,64.38604777,59.32953784,59.44277563,,
Oman,OMN,"PM2.5 air pollution, population exposed to levels exceeding WHO guideline value (% of total)",EN.ATM.PM25.MC.ZS,,,,,,,,,,,,,,,,,,,,,,,,,,,,,,,100,,,,,100,,,,,100,,,,,100,,,,,100,100,100,100,100,100,100,100,,
Other small states,OSS,"PM2.5 air pollution, population exposed to levels exceeding WHO guideline value (% of total)",EN.ATM.PM25.MC.ZS,,,,,,,,,,,,,,,,,,,,,,,,,,,,,,,90.72695716,,,,,90.33705796,,,,,90.95207015,,,,,91.75689833,,,,,92.7301444,92.87222223,92.72872051,92.79188652,91.37490084,91.43577782,91.49657788,91.54464997,,
Pakistan,PAK,"PM2.5 air pollution, population exposed to levels exceeding WHO guideline value (% of total)",EN.ATM.PM25.MC.ZS,,,,,,,,,,,,,,,,,,,,,,,,,,,,,,,100,,,,,100,,,,,100,,,,,100,,,,,100,100,100,100,100,100,100,100,,
Panama,PAN,"PM2.5 air pollution, population exposed to levels exceeding WHO guideline value (% of total)",EN.ATM.PM25.MC.ZS,,,,,,,,,,,,,,,,,,,,,,,,,,,,,,,96.50353782,,,,,96.45012156,,,,,97.30895047,,,,,96.92503385,,,,,96.21783,97.22883275,96.61297445,93.47575967,90.52608058,87.28942893,72.13426654,71.63674766,,
Peru,PER,"PM2.5 air pollution, population exposed to levels exceeding WHO guideline value (% of total)",EN.ATM.PM25.MC.ZS,,,,,,,,,,,,,,,,,,,,,,,,,,,,,,,100,,,,,100,,,,,100,,,,,100,,,,,100,100,100,99.99976584,99.99952668,99.97338889,99.96870207,99.96292629,,
Philippines,PHL,"PM2.5 air pollution, population exposed to levels exceeding WHO guideline value (% of total)",EN.ATM.PM25.MC.ZS,,,,,,,,,,,,,,,,,,,,,,,,,,,,,,,100,,,,,100,,,,,99.99556805,,,,,100,,,,,100,99.99524119,99.99693349,99.71480136,99.01975306,99.43309287,96.81597569,96.37065877,,
Palau,PLW,"PM2.5 air pollution, population exposed to levels exceeding WHO guideline value (% of total)",EN.ATM.PM25.MC.ZS,,,,,,,,,,,,,,,,,,,,,,,,,,,,,,,,,,,,,,,,,,,,,,,,,,,,,,,,,,,,
Papua New Guinea,PNG,"PM2.5 air pollution, population exposed to levels exceeding WHO guideline value (% of total)",EN.ATM.PM25.MC.ZS,,,,,,,,,,,,,,,,,,,,,,,,,,,,,,,100,,,,,100,,,,,100,,,,,100,,,,,100,100,100,100,100,100,99.99548932,99.99516574,,
Poland,POL,"PM2.5 air pollution, population exposed to levels exceeding WHO guideline value (% of total)",EN.ATM.PM25.MC.ZS,,,,,,,,,,,,,,,,,,,,,,,,,,,,,,,100,,,,,100,,,,,100,,,,,100,,,,,100,100,100,99.99621648,99.98156642,99.99621497,99.96609131,99.96611573,,
Pre-demographic dividend,PRE,"PM2.5 air pollution, population exposed to levels exceeding WHO guideline value (% of total)",EN.ATM.PM25.MC.ZS,,,,,,,,,,,,,,,,,,,,,,,,,,,,,,,100,,,,,100,,,,,100,,,,,100,,,,,100,100,100,100,100,100,100,100,,
Puerto Rico,PRI,"PM2.5 air pollution, population exposed to levels exceeding WHO guideline value (% of total)",EN.ATM.PM25.MC.ZS,,,,,,,,,,,,,,,,,,,,,,,,,,,,,,,1.834862385,,,,,1.834862385,,,,,63.30275229,,,,,62.3853211,,,,,62.3853211,71.55963303,45.87155963,32.11009174,15.59633028,14.67889908,3.669724771,3.669724771,,
"Korea, Dem. People’s Rep.",PRK,"PM2.5 air pollution, population exposed to levels exceeding WHO guideline value (% of total)",EN.ATM.PM25.MC.ZS,,,,,,,,,,,,,,,,,,,,,,,,,,,,,,,100,,,,,100,,,,,100,,,,,100,,,,,100,100,100,100,100,100,100,100,,
Portugal,PRT,"PM2.5 air pollution, population exposed to levels exceeding WHO guideline value (% of total)",EN.ATM.PM25.MC.ZS,,,,,,,,,,,,,,,,,,,,,,,,,,,,,,,54.49449582,,,,,48.87356647,,,,,49.84767952,,,,,58.43390699,,,,,53.00973616,57.452384,30.88129227,30.89886297,25.18319789,27.45849405,14.71847244,16.00835663,,
Paraguay,PRY,"PM2.5 air pollution, population exposed to levels exceeding WHO guideline value (% of total)",EN.ATM.PM25.MC.ZS,,,,,,,,,,,,,,,,,,,,,,,,,,,,,,,100,,,,,100,,,,,100,,,,,100,,,,,100,100,100,100,100,100,98.93517738,99.05830825,,
West Bank and Gaza,PSE,"PM2.5 air pollution, population exposed to levels exceeding WHO guideline value (% of total)",EN.ATM.PM25.MC.ZS,,,,,,,,,,,,,,,,,,,,,,,,,,,,,,,100,,,,,100,,,,,100,,,,,100,,,,,100,100,100,100,100,100,100,100,,
Pacific island small states,PSS,"PM2.5 air pollution, population exposed to levels exceeding WHO guideline value (% of total)",EN.ATM.PM25.MC.ZS,,,,,,,,,,,,,,,,,,,,,,,,,,,,,,,100,,,,,100,,,,,100,,,,,100,,,,,100,100,100,99.99999997,99.99782473,99.99198651,97.64699336,93.6298962,,
Post-demographic dividend,PST,"PM2.5 air pollution, population exposed to levels exceeding WHO guideline value (% of total)",EN.ATM.PM25.MC.ZS,,,,,,,,,,,,,,,,,,,,,,,,,,,,,,,77.85460873,,,,,76.06612824,,,,,74.71646694,,,,,74.8484023,,,,,72.28597221,75.521499,67.78178977,64.64431843,59.37713878,58.76629581,52.76971287,52.80316539,,
French Polynesia,PYF,"PM2.5 air pollution, population exposed to levels exceeding WHO guideline value (% of total)",EN.ATM.PM25.MC.ZS,,,,,,,,,,,,,,,,,,,,,,,,,,,,,,,,,,,,,,,,,,,,,,,,,,,,,,,,,,,,
Qatar,QAT,"PM2.5 air pollution, population exposed to levels exceeding WHO guideline value (% of total)",EN.ATM.PM25.MC.ZS,,,,,,,,,,,,,,,,,,,,,,,,,,,,,,,100,,,,,100,,,,,100,,,,,100,,,,,100,100,100,100,100,100,100,100,,
Romania,ROU,"PM2.5 air pollution, population exposed to levels exceeding WHO guideline value (% of total)",EN.ATM.PM25.MC.ZS,,,,,,,,,,,,,,,,,,,,,,,,,,,,,,,100,,,,,100,,,,,100,,,,,100,,,,,100,100,99.58100827,99.40746472,98.52413489,99.37909475,97.90706909,98.01746488,,
Russian Federation,RUS,"PM2.5 air pollution, population exposed to levels exceeding WHO guideline value (% of total)",EN.ATM.PM25.MC.ZS,,,,,,,,,,,,,,,,,,,,,,,,,,,,,,,96.50772374,,,,,95.31075763,,,,,95.85455547,,,,,95.81597809,,,,,96.2900289,95.82223265,95.32326071,93.45096234,93.32059119,91.8274019,91.7079918,91.609329,,
Rwanda,RWA,"PM2.5 air pollution, population exposed to levels exceeding WHO guideline value (% of total)",EN.ATM.PM25.MC.ZS,,,,,,,,,,,,,,,,,,,,,,,,,,,,,,,100,,,,,100,,,,,100,,,,,100,,,,,100,100,100,100,100,100,100,100,,
South Asia,SAS,"PM2.5 air pollution, population exposed to levels exceeding WHO guideline value (% of total)",EN.ATM.PM25.MC.ZS,,,,,,,,,,,,,,,,,,,,,,,,,,,,,,,100,,,,,100,,,,,100,,,,,100,,,,,100,100,100,100,99.97482029,99.9739962,99.60279905,99.32090016,,
Saudi Arabia,SAU,"PM2.5 air pollution, population exposed to levels exceeding WHO guideline value (% of total)",EN.ATM.PM25.MC.ZS,,,,,,,,,,,,,,,,,,,,,,,,,,,,,,,100,,,,,100,,,,,100,,,,,100,,,,,100,100,100,100,100,100,100,100,,
Sudan,SDN,"PM2.5 air pollution, population exposed to levels exceeding WHO guideline value (% of total)",EN.ATM.PM25.MC.ZS,,,,,,,,,,,,,,,,,,,,,,,,,,,,,,,100,,,,,100,,,,,100,,,,,100,,,,,100,100,100,100,100,100,100,100,,
Senegal,SEN,"PM2.5 air pollution, population exposed to levels exceeding WHO guideline value (% of total)",EN.ATM.PM25.MC.ZS,,,,,,,,,,,,,,,,,,,,,,,,,,,,,,,100,,,,,100,,,,,100,,,,,100,,,,,100,100,100,100,100,100,100,100,,
Singapore,SGP,"PM2.5 air pollution, population exposed to levels exceeding WHO guideline value (% of total)",EN.ATM.PM25.MC.ZS,,,,,,,,,,,,,,,,,,,,,,,,,,,,,,,100,,,,,100,,,,,100,,,,,100,,,,,100,100,100,100,100,100,100,100,,
Solomon Islands,SLB,"PM2.5 air pollution, population exposed to levels exceeding WHO guideline value (% of total)",EN.ATM.PM25.MC.ZS,,,,,,,,,,,,,,,,,,,,,,,,,,,,,,,100,,,,,100,,,,,100,,,,,100,,,,,100,100,100,100,100,100,100,99.91756319,,
Sierra Leone,SLE,"PM2.5 air pollution, population exposed to levels exceeding WHO guideline value (% of total)",EN.ATM.PM25.MC.ZS,,,,,,,,,,,,,,,,,,,,,,,,,,,,,,,100,,,,,100,,,,,100,,,,,100,,,,,100,100,100,100,100,100,100,100,,
El Salvador,SLV,"PM2.5 air pollution, population exposed to levels exceeding WHO guideline value (% of total)",EN.ATM.PM25.MC.ZS,,,,,,,,,,,,,,,,,,,,,,,,,,,,,,,100,,,,,100,,,,,100,,,,,100,,,,,100,100,100,100,100,100,100,100,,
San Marino,SMR,"PM2.5 air pollution, population exposed to levels exceeding WHO guideline value (% of total)",EN.ATM.PM25.MC.ZS,,,,,,,,,,,,,,,,,,,,,,,,,,,,,,,,,,,,,,,,,,,,,,,,,,,,,,,,,,,,
Somalia,SOM,"PM2.5 air pollution, population exposed to levels exceeding WHO guideline value (% of total)",EN.ATM.PM25.MC.ZS,,,,,,,,,,,,,,,,,,,,,,,,,,,,,,,100,,,,,100,,,,,100,,,,,100,,,,,100,100,100,100,100,100,100,100,,
Serbia,SRB,"PM2.5 air pollution, population exposed to levels exceeding WHO guideline value (% of total)",EN.ATM.PM25.MC.ZS,,,,,,,,,,,,,,,,,,,,,,,,,,,,,,,100,,,,,100,,,,,100,,,,,100,,,,,100,100,100,100,100,100,100,100,,
Sub-Saharan Africa (excluding high income),SSA,"PM2.5 air pollution, population exposed to levels exceeding WHO guideline value (% of total)",EN.ATM.PM25.MC.ZS,,,,,,,,,,,,,,,,,,,,,,,,,,,,,,,100,,,,,100,,,,,100,,,,,100,,,,,100,100,100,100,100,100,100,100,,
South Sudan,SSD,"PM2.5 air pollution, population exposed to levels exceeding WHO guideline value (% of total)",EN.ATM.PM25.MC.ZS,,,,,,,,,,,,,,,,,,,,,,,,,,,,,,,100,,,,,100,,,,,100,,,,,100,,,,,100,100,100,100,100,100,100,100,,
Sub-Saharan Africa,SSF,"PM2.5 air pollution, population exposed to levels exceeding WHO guideline value (% of total)",EN.ATM.PM25.MC.ZS,,,,,,,,,,,,,,,,,,,,,,,,,,,,,,,100,,,,,100,,,,,100,,,,,100,,,,,100,100,100,100,100,100,100,100,,
Small states,SST,"PM2.5 air pollution, population exposed to levels exceeding WHO guideline value (% of total)",EN.ATM.PM25.MC.ZS,,,,,,,,,,,,,,,,,,,,,,,,,,,,,,,93.55290734,,,,,93.20065237,,,,,93.54539764,,,,,94.03223131,,,,,94.61389742,94.6996011,94.57463306,94.60496321,93.5247918,93.55073985,93.43647253,93.2138575,,
Sao Tome and Principe,STP,"PM2.5 air pollution, population exposed to levels exceeding WHO guideline value (% of total)",EN.ATM.PM25.MC.ZS,,,,,,,,,,,,,,,,,,,,,,,,,,,,,,,100,,,,,100,,,,,100,,,,,100,,,,,100,100,100,100,100,100,100,100,,
Suriname,SUR,"PM2.5 air pollution, population exposed to levels exceeding WHO guideline value (% of total)",EN.ATM.PM25.MC.ZS,,,,,,,,,,,,,,,,,,,,,,,,,,,,,,,100,,,,,100,,,,,100,,,,,100,,,,,100,100,100,100,100,100,100,100,,
Slovak Republic,SVK,"PM2.5 air pollution, population exposed to levels exceeding WHO guideline value (% of total)",EN.ATM.PM25.MC.ZS,,,,,,,,,,,,,,,,,,,,,,,,,,,,,,,100,,,,,100,,,,,100,,,,,100,,,,,100,100,100,100,100,100,100,100,,
Slovenia,SVN,"PM2.5 air pollution, population exposed to levels exceeding WHO guideline value (% of total)",EN.ATM.PM25.MC.ZS,,,,,,,,,,,,,,,,,,,,,,,,,,,,,,,100,,,,,100,,,,,100,,,,,100,,,,,100,100,99.83625221,99.83610299,99.79339245,99.79371471,99.47412541,99.49102528,,
Sweden,SWE,"PM2.5 air pollution, population exposed to levels exceeding WHO guideline value (% of total)",EN.ATM.PM25.MC.ZS,,,,,,,,,,,,,,,,,,,,,,,,,,,,,,,7.235441292,,,,,5.370486576,,,,,4.985989813,,,,,3.995810186,,,,,4.326183371,5.884544297,3.595308585,3.475081808,3.676452145,3.555146241,3.595702677,3.636487382,,
Eswatini,SWZ,"PM2.5 air pollution, population exposed to levels exceeding WHO guideline value (% of total)",EN.ATM.PM25.MC.ZS,,,,,,,,,,,,,,,,,,,,,,,,,,,,,,,100,,,,,100,,,,,100,,,,,100,,,,,100,100,100,100,100,100,100,100,,
Sint Maarten (Dutch part),SXM,"PM2.5 air pollution, population exposed to levels exceeding WHO guideline value (% of total)",EN.ATM.PM25.MC.ZS,,,,,,,,,,,,,,,,,,,,,,,,,,,,,,,,,,,,,,,,,,,,,,,,,,,,,,,,,,,,
Seychelles,SYC,"PM2.5 air pollution, population exposed to levels exceeding WHO guideline value (% of total)",EN.ATM.PM25.MC.ZS,,,,,,,,,,,,,,,,,,,,,,,,,,,,,,,100,,,,,100,,,,,100,,,,,100,,,,,100,100,100,100,100,100,100,100,,
Syrian Arab Republic,SYR,"PM2.5 air pollution, population exposed to levels exceeding WHO guideline value (% of total)",EN.ATM.PM25.MC.ZS,,,,,,,,,,,,,,,,,,,,,,,,,,,,,,,100,,,,,100,,,,,100,,,,,100,,,,,100,100,100,100,100,100,100,100,,
Turks and Caicos Islands,TCA,"PM2.5 air pollution, population exposed to levels exceeding WHO guideline value (% of total)",EN.ATM.PM25.MC.ZS,,,,,,,,,,,,,,,,,,,,,,,,,,,,,,,,,,,,,,,,,,,,,,,,,,,,,,,,,,,,
Chad,TCD,"PM2.5 air pollution, population exposed to levels exceeding WHO guideline value (% of total)",EN.ATM.PM25.MC.ZS,,,,,,,,,,,,,,,,,,,,,,,,,,,,,,,100,,,,,100,,,,,100,,,,,100,,,,,100,100,100,100,100,100,100,100,,
East Asia & Pacific (IDA & IBRD countries),TEA,"PM2.5 air pollution, population exposed to levels exceeding WHO guideline value (% of total)",EN.ATM.PM25.MC.ZS,,,,,,,,,,,,,,,,,,,,,,,,,,,,,,,99.6696905,,,,,99.66505384,,,,,99.5966649,,,,,99.84701646,,,,,99.50817745,99.71778027,99.90870008,99.15893125,99.12404809,99.37535611,99.12809124,99.08156065,,
Europe & Central Asia (IDA & IBRD countries),TEC,"PM2.5 air pollution, population exposed to levels exceeding WHO guideline value (% of total)",EN.ATM.PM25.MC.ZS,,,,,,,,,,,,,,,,,,,,,,,,,,,,,,,98.70705862,,,,,98.2960873,,,,,98.48610799,,,,,98.50051784,,,,,98.68952113,98.55428382,98.32643942,97.69791872,97.44306305,97.06419396,96.72548165,96.71491124,,
Togo,TGO,"PM2.5 air pollution, population exposed to levels exceeding WHO guideline value (% of total)",EN.ATM.PM25.MC.ZS,,,,,,,,,,,,,,,,,,,,,,,,,,,,,,,100,,,,,100,,,,,100,,,,,100,,,,,100,100,100,100,100,100,100,100,,
Thailand,THA,"PM2.5 air pollution, population exposed to levels exceeding WHO guideline value (% of total)",EN.ATM.PM25.MC.ZS,,,,,,,,,,,,,,,,,,,,,,,,,,,,,,,100,,,,,100,,,,,100,,,,,100,,,,,100,100,100,100,100,100,100,100,,
Tajikistan,TJK,"PM2.5 air pollution, population exposed to levels exceeding WHO guideline value (% of total)",EN.ATM.PM25.MC.ZS,,,,,,,,,,,,,,,,,,,,,,,,,,,,,,,100,,,,,100,,,,,100,,,,,100,,,,,100,100,100,100,100,100,100,100,,
Turkmenistan,TKM,"PM2.5 air pollution, population exposed to levels exceeding WHO guideline value (% of total)",EN.ATM.PM25.MC.ZS,,,,,,,,,,,,,,,,,,,,,,,,,,,,,,,100,,,,,100,,,,,100,,,,,100,,,,,100,100,100,100,100,100,100,100,,
Latin America & the Caribbean (IDA & IBRD countries),TLA,"PM2.5 air pollution, population exposed to levels exceeding WHO guideline value (% of total)",EN.ATM.PM25.MC.ZS,,,,,,,,,,,,,,,,,,,,,,,,,,,,,,,95.93654248,,,,,96.14403936,,,,,96.63834531,,,,,96.23784126,,,,,96.71816386,97.12070716,95.18142842,94.58124489,91.40764112,90.51051333,87.42365291,87.42372192,,
Timor-Leste,TLS,"PM2.5 air pollution, population exposed to levels exceeding WHO guideline value (% of total)",EN.ATM.PM25.MC.ZS,,,,,,,,,,,,,,,,,,,,,,,,,,,,,,,100,,,,,100,,,,,100,,,,,100,,,,,100,100,100,100,100,100,100,100,,
Middle East & North Africa (IDA & IBRD countries),TMN,"PM2.5 air pollution, population exposed to levels exceeding WHO guideline value (% of total)",EN.ATM.PM25.MC.ZS,,,,,,,,,,,,,,,,,,,,,,,,,,,,,,,100,,,,,100,,,,,100,,,,,100,,,,,100,100,100,100,100,100,100,100,,
Tonga,TON,"PM2.5 air pollution, population exposed to levels exceeding WHO guideline value (% of total)",EN.ATM.PM25.MC.ZS,,,,,,,,,,,,,,,,,,,,,,,,,,,,,,,99.99999999,,,,,99.99999999,,,,,100,,,,,100,,,,,100,100,100,100,100,100,99.80641697,99.81259193,,
South Asia (IDA & IBRD),TSA,"PM2.5 air pollution, population exposed to levels exceeding WHO guideline value (% of total)",EN.ATM.PM25.MC.ZS,,,,,,,,,,,,,,,,,,,,,,,,,,,,,,,100,,,,,100,,,,,100,,,,,100,,,,,100,100,100,100,99.97482029,99.9739962,99.60279905,99.32090016,,
Sub-Saharan Africa (IDA & IBRD countries),TSS,"PM2.5 air pollution, population exposed to levels exceeding WHO guideline value (% of total)",EN.ATM.PM25.MC.ZS,,,,,,,,,,,,,,,,,,,,,,,,,,,,,,,100,,,,,100,,,,,100,,,,,100,,,,,100,100,100,100,100,100,100,100,,
Trinidad and Tobago,TTO,"PM2.5 air pollution, population exposed to levels exceeding WHO guideline value (% of total)",EN.ATM.PM25.MC.ZS,,,,,,,,,,,,,,,,,,,,,,,,,,,,,,,100,,,,,100,,,,,100,,,,,100,,,,,100,100,100,100,100,100,100,100,,
Tunisia,TUN,"PM2.5 air pollution, population exposed to levels exceeding WHO guideline value (% of total)",EN.ATM.PM25.MC.ZS,,,,,,,,,,,,,,,,,,,,,,,,,,,,,,,100,,,,,100,,,,,100,,,,,100,,,,,100,100,100,100,100,100,100,100,,
Turkey,TUR,"PM2.5 air pollution, population exposed to levels exceeding WHO guideline value (% of total)",EN.ATM.PM25.MC.ZS,,,,,,,,,,,,,,,,,,,,,,,,,,,,,,,100,,,,,100,,,,,100,,,,,100,,,,,100,100,100,100,100,100,100,100,,
Tuvalu,TUV,"PM2.5 air pollution, population exposed to levels exceeding WHO guideline value (% of total)",EN.ATM.PM25.MC.ZS,,,,,,,,,,,,,,,,,,,,,,,,,,,,,,,,,,,,,,,,,,,,,,,,,,,,,,,,,,,,
Tanzania,TZA,"PM2.5 air pollution, population exposed to levels exceeding WHO guideline value (% of total)",EN.ATM.PM25.MC.ZS,,,,,,,,,,,,,,,,,,,,,,,,,,,,,,,100,,,,,100,,,,,100,,,,,100,,,,,100,100,100,100,100,100,100,100,,
Uganda,UGA,"PM2.5 air pollution, population exposed to levels exceeding WHO guideline value (% of total)",EN.ATM.PM25.MC.ZS,,,,,,,,,,,,,,,,,,,,,,,,,,,,,,,100,,,,,100,,,,,100,,,,,100,,,,,100,100,100,100,100,100,100,100,,
Ukraine,UKR,"PM2.5 air pollution, population exposed to levels exceeding WHO guideline value (% of total)",EN.ATM.PM25.MC.ZS,,,,,,,,,,,,,,,,,,,,,,,,,,,,,,,100,,,,,100,,,,,100,,,,,100,,,,,100,100,100,100,100,100,100,100,,
Upper middle income,UMC,"PM2.5 air pollution, population exposed to levels exceeding WHO guideline value (% of total)",EN.ATM.PM25.MC.ZS,,,,,,,,,,,,,,,,,,,,,,,,,,,,,,,98.88357333,,,,,98.8344004,,,,,98.96171097,,,,,98.90436313,,,,,99.011268,99.0709143,98.63281218,98.34417526,97.56110614,97.30611643,96.26827817,96.06506901,,
Uruguay,URY,"PM2.5 air pollution, population exposed to levels exceeding WHO guideline value (% of total)",EN.ATM.PM25.MC.ZS,,,,,,,,,,,,,,,,,,,,,,,,,,,,,,,83.40555755,,,,,84.36546617,,,,,89.81683012,,,,,77.48441659,,,,,85.45845617,93.26190735,60.50843033,55.38994434,28.73578061,26.44415702,22.39524307,22.38574466,,
United States,USA,"PM2.5 air pollution, population exposed to levels exceeding WHO guideline value (% of total)",EN.ATM.PM25.MC.ZS,,,,,,,,,,,,,,,,,,,,,,,,,,,,,,,47.99773704,,,,,44.69445371,,,,,43.08134508,,,,,44.22056176,,,,,38.21303236,46.68619853,28.65808101,20.84055734,11.73129721,8.465306507,3.334435592,3.34317037,,
Uzbekistan,UZB,"PM2.5 air pollution, population exposed to levels exceeding WHO guideline value (% of total)",EN.ATM.PM25.MC.ZS,,,,,,,,,,,,,,,,,,,,,,,,,,,,,,,100,,,,,100,,,,,100,,,,,100,,,,,100,100,100,100,100,100,100,100,,
St. Vincent and the Grenadines,VCT,"PM2.5 air pollution, population exposed to levels exceeding WHO guideline value (% of total)",EN.ATM.PM25.MC.ZS,,,,,,,,,,,,,,,,,,,,,,,,,,,,,,,100,,,,,100,,,,,100,,,,,100,,,,,100,100,100,100,100,100,100,100,,
"Venezuela, RB",VEN,"PM2.5 air pollution, population exposed to levels exceeding WHO guideline value (% of total)",EN.ATM.PM25.MC.ZS,,,,,,,,,,,,,,,,,,,,,,,,,,,,,,,100,,,,,100,,,,,100,,,,,100,,,,,100,100,100,99.99991345,99.99774982,99.99508316,99.93307859,99.93366243,,
British Virgin Islands,VGB,"PM2.5 air pollution, population exposed to levels exceeding WHO guideline value (% of total)",EN.ATM.PM25.MC.ZS,,,,,,,,,,,,,,,,,,,,,,,,,,,,,,,,,,,,,,,,,,,,,,,,,,,,,,,,,,,,
Virgin Islands (U.S.),VIR,"PM2.5 air pollution, population exposed to levels exceeding WHO guideline value (% of total)",EN.ATM.PM25.MC.ZS,,,,,,,,,,,,,,,,,,,,,,,,,,,,,,,50,,,,,50,,,,,100,,,,,100,,,,,100,100,100,100,50,50,40,40,,
Vietnam,VNM,"PM2.5 air pollution, population exposed to levels exceeding WHO guideline value (% of total)",EN.ATM.PM25.MC.ZS,,,,,,,,,,,,,,,,,,,,,,,,,,,,,,,100,,,,,100,,,,,100,,,,,100,,,,,100,100,100,100,100,100,100,100,,
Vanuatu,VUT,"PM2.5 air pollution, population exposed to levels exceeding WHO guideline value (% of total)",EN.ATM.PM25.MC.ZS,,,,,,,,,,,,,,,,,,,,,,,,,,,,,,,100,,,,,100,,,,,100,,,,,100,,,,,100,100,100,100,100,100,99.99999999,99.99999999,,
World,WLD,"PM2.5 air pollution, population exposed to levels exceeding WHO guideline value (% of total)",EN.ATM.PM25.MC.ZS,,,,,,,,,,,,,,,,,,,,,,,,,,,,,,,95.31854556,,,,,95.1765536,,,,,95.21402357,,,,,95.43858308,,,,,95.14550323,95.77399906,94.47466426,93.73405133,92.66760518,92.5945969,91.31647869,91.29966957,,
Samoa,WSM,"PM2.5 air pollution, population exposed to levels exceeding WHO guideline value (% of total)",EN.ATM.PM25.MC.ZS,,,,,,,,,,,,,,,,,,,,,,,,,,,,,,,100,,,,,100,,,,,100,,,,,100,,,,,100,100,100,100,100,100,100,100,,
Kosovo,XKX,"PM2.5 air pollution, population exposed to levels exceeding WHO guideline value (% of total)",EN.ATM.PM25.MC.ZS,,,,,,,,,,,,,,,,,,,,,,,,,,,,,,,,,,,,,,,,,,,,,,,,,,,,,,,,,,,,
"Yemen, Rep.",YEM,"PM2.5 air pollution, population exposed to levels exceeding WHO guideline value (% of total)",EN.ATM.PM25.MC.ZS,,,,,,,,,,,,,,,,,,,,,,,,,,,,,,,100,,,,,100,,,,,100,,,,,100,,,,,100,100,100,100,100,100,100,100,,
South Africa,ZAF,"PM2.5 air pollution, population exposed to levels exceeding WHO guideline value (% of total)",EN.ATM.PM25.MC.ZS,,,,,,,,,,,,,,,,,,,,,,,,,,,,,,,100,,,,,100,,,,,100,,,,,100,,,,,100,100,100,100,100,100,100,100,,
Zambia,ZMB,"PM2.5 air pollution, population exposed to levels exceeding WHO guideline value (% of total)",EN.ATM.PM25.MC.ZS,,,,,,,,,,,,,,,,,,,,,,,,,,,,,,,100,,,,,100,,,,,100,,,,,100,,,,,100,100,100,100,100,100,100,100,,
Zimbabwe,ZWE,"PM2.5 air pollution, population exposed to levels exceeding WHO guideline value (% of total)",EN.ATM.PM25.MC.ZS,,,,,,,,,,,,,,,,,,,,,,,,,,,,,,,100,,,,,100,,,,,100,,,,,100,,,,,100,100,100,100,100,100,100,100,,
